Designator,Val,Package,Mid X,Mid Y,Rotation,Layer
"C1","1u","C_0805_2012Metric_Pad1.15x1.40mm_HandSolder",102.600000,-88.500000,90.000000,top
"C1","1u","C_0805_2012Metric_Pad1.15x1.40mm_HandSolder",102.600000,-163.500000,90.000000,top
"C1","1u","C_0805_2012Metric_Pad1.15x1.40mm_HandSolder",47.600000,-163.500000,90.000000,top
"C1","1u","C_0805_2012Metric_Pad1.15x1.40mm_HandSolder",47.600000,-88.500000,90.000000,top
"C2","1u","C_0805_2012Metric_Pad1.15x1.40mm_HandSolder",47.600000,-167.300000,270.000000,top
"C2","1u","C_0805_2012Metric_Pad1.15x1.40mm_HandSolder",102.600000,-92.300000,270.000000,top
"C2","1u","C_0805_2012Metric_Pad1.15x1.40mm_HandSolder",102.600000,-167.300000,270.000000,top
"C2","1u","C_0805_2012Metric_Pad1.15x1.40mm_HandSolder",47.600000,-92.300000,270.000000,top
"C3","1u","C_0805_2012Metric_Pad1.15x1.40mm_HandSolder",102.600000,-99.900000,270.000000,top
"C3","1u","C_0805_2012Metric_Pad1.15x1.40mm_HandSolder",102.600000,-174.900000,270.000000,top
"C3","1u","C_0805_2012Metric_Pad1.15x1.40mm_HandSolder",47.600000,-174.900000,270.000000,top
"C3","1u","C_0805_2012Metric_Pad1.15x1.40mm_HandSolder",47.600000,-99.900000,270.000000,top
"C4","100n","C_0805_2012Metric_Pad1.15x1.40mm_HandSolder",50.100000,-161.900000,90.000000,top
"C4","100n","C_0805_2012Metric_Pad1.15x1.40mm_HandSolder",50.100000,-86.900000,90.000000,top
"C4","100n","C_0805_2012Metric_Pad1.15x1.40mm_HandSolder",105.100000,-161.900000,90.000000,top
"C4","100n","C_0805_2012Metric_Pad1.15x1.40mm_HandSolder",105.100000,-86.900000,90.000000,top
"C5","10u","CP_EIA-3216-18_Kemet-A_Pad1.58x1.35mm_HandSolder",98.500000,-55.500000,270.000000,top
"C5","10u","CP_EIA-3216-18_Kemet-A_Pad1.58x1.35mm_HandSolder",43.500000,-55.500000,270.000000,top
"C5","10u","CP_EIA-3216-18_Kemet-A_Pad1.58x1.35mm_HandSolder",98.500000,-130.500000,270.000000,top
"C5","10u","CP_EIA-3216-18_Kemet-A_Pad1.58x1.35mm_HandSolder",43.500000,-130.500000,270.000000,top
"C7","100u","CP_EIA-3528-21_Kemet-B_Pad1.50x2.35mm_HandSolder",115.800000,-134.000000,90.000000,top
"C7","100u","CP_EIA-3528-21_Kemet-B_Pad1.50x2.35mm_HandSolder",60.800000,-59.000000,90.000000,top
"C7","100u","CP_EIA-3528-21_Kemet-B_Pad1.50x2.35mm_HandSolder",60.800000,-134.000000,90.000000,top
"C7","100u","CP_EIA-3528-21_Kemet-B_Pad1.50x2.35mm_HandSolder",115.800000,-59.000000,90.000000,top
"C8","100n","C_0805_2012Metric_Pad1.15x1.40mm_HandSolder",49.300000,-130.100000,270.000000,top
"C8","100n","C_0805_2012Metric_Pad1.15x1.40mm_HandSolder",49.300000,-55.100000,270.000000,top
"C8","100n","C_0805_2012Metric_Pad1.15x1.40mm_HandSolder",104.300000,-130.100000,270.000000,top
"C8","100n","C_0805_2012Metric_Pad1.15x1.40mm_HandSolder",104.300000,-55.100000,270.000000,top
"C9","10u","C_0805_2012Metric_Pad1.15x1.40mm_HandSolder",54.400000,-135.600000,180.000000,top
"C9","10u","C_0805_2012Metric_Pad1.15x1.40mm_HandSolder",54.400000,-60.600000,180.000000,top
"C9","10u","C_0805_2012Metric_Pad1.15x1.40mm_HandSolder",109.400000,-135.600000,180.000000,top
"C9","10u","C_0805_2012Metric_Pad1.15x1.40mm_HandSolder",109.400000,-60.600000,180.000000,top
"C10","100n","C_0805_2012Metric_Pad1.15x1.40mm_HandSolder",48.700000,-138.700000,180.000000,top
"C10","100n","C_0805_2012Metric_Pad1.15x1.40mm_HandSolder",103.700000,-63.700000,180.000000,top
"C10","100n","C_0805_2012Metric_Pad1.15x1.40mm_HandSolder",48.700000,-63.700000,180.000000,top
"C10","100n","C_0805_2012Metric_Pad1.15x1.40mm_HandSolder",103.700000,-138.700000,180.000000,top
"C11","100n","C_0805_2012Metric_Pad1.15x1.40mm_HandSolder",121.900000,-79.000000,90.000000,top
"C11","100n","C_0805_2012Metric_Pad1.15x1.40mm_HandSolder",66.900000,-79.000000,90.000000,top
"C11","100n","C_0805_2012Metric_Pad1.15x1.40mm_HandSolder",66.900000,-154.000000,90.000000,top
"C11","100n","C_0805_2012Metric_Pad1.15x1.40mm_HandSolder",121.900000,-154.000000,90.000000,top
"C12","100n","C_0805_2012Metric_Pad1.15x1.40mm_HandSolder",109.700000,-101.700000,0.000000,top
"C12","100n","C_0805_2012Metric_Pad1.15x1.40mm_HandSolder",109.700000,-176.700000,0.000000,top
"C12","100n","C_0805_2012Metric_Pad1.15x1.40mm_HandSolder",54.700000,-101.700000,0.000000,top
"C12","100n","C_0805_2012Metric_Pad1.15x1.40mm_HandSolder",54.700000,-176.700000,0.000000,top
"C13","100n","C_0805_2012Metric_Pad1.15x1.40mm_HandSolder",49.300000,-149.300000,270.000000,top
"C13","100n","C_0805_2012Metric_Pad1.15x1.40mm_HandSolder",104.300000,-74.300000,270.000000,top
"C13","100n","C_0805_2012Metric_Pad1.15x1.40mm_HandSolder",49.300000,-74.300000,270.000000,top
"C13","100n","C_0805_2012Metric_Pad1.15x1.40mm_HandSolder",104.300000,-149.300000,270.000000,top
"C14","100n","C_0805_2012Metric_Pad1.15x1.40mm_HandSolder",54.800000,-79.650000,180.000000,top
"C14","100n","C_0805_2012Metric_Pad1.15x1.40mm_HandSolder",54.800000,-154.650000,180.000000,top
"C14","100n","C_0805_2012Metric_Pad1.15x1.40mm_HandSolder",109.800000,-79.650000,180.000000,top
"C14","100n","C_0805_2012Metric_Pad1.15x1.40mm_HandSolder",109.800000,-154.650000,180.000000,top
"D101","LED","LED_0805_2012Metric",122.800000,-132.900000,270.000000,top
"D101","LED","LED_0805_2012Metric",122.800000,-57.900000,270.000000,top
"D101","LED","LED_0805_2012Metric",67.800000,-132.900000,270.000000,top
"D101","LED","LED_0805_2012Metric",67.800000,-57.900000,270.000000,top
"J3","USB_C_Receptacle_Power","USB_C_Receptacle_Generic_Power_Only",83.200000,-58.600000,90.000000,top
"J3","USB_C_Receptacle_Power","USB_C_Receptacle_Generic_Power_Only",83.200000,-133.600000,90.000000,top
"J3","USB_C_Receptacle_Power","USB_C_Receptacle_Generic_Power_Only",28.200000,-133.600000,90.000000,top
"J3","USB_C_Receptacle_Power","USB_C_Receptacle_Generic_Power_Only",28.200000,-58.600000,90.000000,top
"L101","10u","L_0805_2012Metric_Pad1.15x1.40mm_HandSolder",40.400000,-129.100000,0.000000,top
"L101","10u","L_0805_2012Metric_Pad1.15x1.40mm_HandSolder",95.400000,-54.100000,0.000000,top
"L101","10u","L_0805_2012Metric_Pad1.15x1.40mm_HandSolder",40.400000,-54.100000,0.000000,top
"L101","10u","L_0805_2012Metric_Pad1.15x1.40mm_HandSolder",95.400000,-129.100000,0.000000,top
"R1","1k","R_0805_2012Metric_Pad1.15x1.40mm_HandSolder",109.400000,-133.600000,180.000000,top
"R1","1k","R_0805_2012Metric_Pad1.15x1.40mm_HandSolder",54.400000,-58.600000,180.000000,top
"R1","1k","R_0805_2012Metric_Pad1.15x1.40mm_HandSolder",54.400000,-133.600000,180.000000,top
"R1","1k","R_0805_2012Metric_Pad1.15x1.40mm_HandSolder",109.400000,-58.600000,180.000000,top
"R2","1k33","R_0805_2012Metric_Pad1.15x1.40mm_HandSolder",50.600000,-133.600000,180.000000,top
"R2","1k33","R_0805_2012Metric_Pad1.15x1.40mm_HandSolder",105.600000,-58.600000,180.000000,top
"R2","1k33","R_0805_2012Metric_Pad1.15x1.40mm_HandSolder",105.600000,-133.600000,180.000000,top
"R2","1k33","R_0805_2012Metric_Pad1.15x1.40mm_HandSolder",50.600000,-58.600000,180.000000,top
"R3","75","R_0805_2012Metric_Pad1.15x1.40mm_HandSolder",47.600000,-159.700000,90.000000,top
"R3","75","R_0805_2012Metric_Pad1.15x1.40mm_HandSolder",102.600000,-84.700000,90.000000,top
"R3","75","R_0805_2012Metric_Pad1.15x1.40mm_HandSolder",102.600000,-159.700000,90.000000,top
"R3","75","R_0805_2012Metric_Pad1.15x1.40mm_HandSolder",47.600000,-84.700000,90.000000,top
"R4","75","R_0805_2012Metric_Pad1.15x1.40mm_HandSolder",47.600000,-171.100000,270.000000,top
"R4","75","R_0805_2012Metric_Pad1.15x1.40mm_HandSolder",47.600000,-96.100000,270.000000,top
"R4","75","R_0805_2012Metric_Pad1.15x1.40mm_HandSolder",102.600000,-171.100000,270.000000,top
"R4","75","R_0805_2012Metric_Pad1.15x1.40mm_HandSolder",102.600000,-96.100000,270.000000,top
"R5","75","R_0805_2012Metric_Pad1.15x1.40mm_HandSolder",47.600000,-178.700000,270.000000,top
"R5","75","R_0805_2012Metric_Pad1.15x1.40mm_HandSolder",47.600000,-103.700000,270.000000,top
"R5","75","R_0805_2012Metric_Pad1.15x1.40mm_HandSolder",102.600000,-178.700000,270.000000,top
"R5","75","R_0805_2012Metric_Pad1.15x1.40mm_HandSolder",102.600000,-103.700000,270.000000,top
"R6","1k402","R_0805_2012Metric_Pad1.15x1.40mm_HandSolder",66.400000,-146.000000,270.000000,top
"R6","1k402","R_0805_2012Metric_Pad1.15x1.40mm_HandSolder",66.400000,-71.000000,270.000000,top
"R6","1k402","R_0805_2012Metric_Pad1.15x1.40mm_HandSolder",121.400000,-146.000000,270.000000,top
"R6","1k402","R_0805_2012Metric_Pad1.15x1.40mm_HandSolder",121.400000,-71.000000,270.000000,top
"R7","1k402","R_0805_2012Metric_Pad1.15x1.40mm_HandSolder",64.400000,-146.000000,270.000000,top
"R7","1k402","R_0805_2012Metric_Pad1.15x1.40mm_HandSolder",119.400000,-146.000000,270.000000,top
"R7","1k402","R_0805_2012Metric_Pad1.15x1.40mm_HandSolder",119.400000,-71.000000,270.000000,top
"R7","1k402","R_0805_2012Metric_Pad1.15x1.40mm_HandSolder",64.400000,-71.000000,270.000000,top
"R8","510","R_0805_2012Metric_Pad1.15x1.40mm_HandSolder",119.700000,-165.000000,90.000000,top
"R8","510","R_0805_2012Metric_Pad1.15x1.40mm_HandSolder",64.700000,-90.000000,90.000000,top
"R8","510","R_0805_2012Metric_Pad1.15x1.40mm_HandSolder",119.700000,-90.000000,90.000000,top
"R8","510","R_0805_2012Metric_Pad1.15x1.40mm_HandSolder",64.700000,-165.000000,90.000000,top
"R9","75","R_0805_2012Metric_Pad1.15x1.40mm_HandSolder",67.700000,-140.000000,270.000000,top
"R9","75","R_0805_2012Metric_Pad1.15x1.40mm_HandSolder",122.700000,-65.000000,270.000000,top
"R9","75","R_0805_2012Metric_Pad1.15x1.40mm_HandSolder",67.700000,-65.000000,270.000000,top
"R9","75","R_0805_2012Metric_Pad1.15x1.40mm_HandSolder",122.700000,-140.000000,270.000000,top
"R10","75","R_0805_2012Metric_Pad1.15x1.40mm_HandSolder",66.700000,-90.000000,90.000000,top
"R10","75","R_0805_2012Metric_Pad1.15x1.40mm_HandSolder",121.700000,-165.000000,90.000000,top
"R10","75","R_0805_2012Metric_Pad1.15x1.40mm_HandSolder",121.700000,-90.000000,90.000000,top
"R10","75","R_0805_2012Metric_Pad1.15x1.40mm_HandSolder",66.700000,-165.000000,90.000000,top
"R11","75","R_0805_2012Metric_Pad1.15x1.40mm_HandSolder",68.800000,-155.600000,270.000000,top
"R11","75","R_0805_2012Metric_Pad1.15x1.40mm_HandSolder",68.800000,-80.600000,270.000000,top
"R11","75","R_0805_2012Metric_Pad1.15x1.40mm_HandSolder",123.800000,-80.600000,270.000000,top
"R11","75","R_0805_2012Metric_Pad1.15x1.40mm_HandSolder",123.800000,-155.600000,270.000000,top
"R12","4k7","R_0805_2012Metric_Pad1.15x1.40mm_HandSolder",62.400000,-146.000000,270.000000,top
"R12","4k7","R_0805_2012Metric_Pad1.15x1.40mm_HandSolder",117.400000,-146.000000,270.000000,top
"R12","4k7","R_0805_2012Metric_Pad1.15x1.40mm_HandSolder",62.400000,-71.000000,270.000000,top
"R12","4k7","R_0805_2012Metric_Pad1.15x1.40mm_HandSolder",117.400000,-71.000000,270.000000,top
"R13","1k27","R_0805_2012Metric_Pad1.15x1.40mm_HandSolder",60.400000,-146.000000,270.000000,top
"R13","1k27","R_0805_2012Metric_Pad1.15x1.40mm_HandSolder",115.400000,-71.000000,270.000000,top
"R13","1k27","R_0805_2012Metric_Pad1.15x1.40mm_HandSolder",60.400000,-71.000000,270.000000,top
"R13","1k27","R_0805_2012Metric_Pad1.15x1.40mm_HandSolder",115.400000,-146.000000,270.000000,top
"R14","1k","R_0805_2012Metric_Pad1.15x1.40mm_HandSolder",121.900000,-75.200000,90.000000,top
"R14","1k","R_0805_2012Metric_Pad1.15x1.40mm_HandSolder",121.900000,-150.200000,90.000000,top
"R14","1k","R_0805_2012Metric_Pad1.15x1.40mm_HandSolder",66.900000,-150.200000,90.000000,top
"R14","1k","R_0805_2012Metric_Pad1.15x1.40mm_HandSolder",66.900000,-75.200000,90.000000,top
"R15","75","R_0805_2012Metric_Pad1.15x1.40mm_HandSolder",49.300000,-70.400000,90.000000,top
"R15","75","R_0805_2012Metric_Pad1.15x1.40mm_HandSolder",104.300000,-145.400000,90.000000,top
"R15","75","R_0805_2012Metric_Pad1.15x1.40mm_HandSolder",49.300000,-145.400000,90.000000,top
"R15","75","R_0805_2012Metric_Pad1.15x1.40mm_HandSolder",104.300000,-70.400000,90.000000,top
"R16","5k1","R_0805_2012Metric_Pad1.15x1.40mm_HandSolder",94.400000,-57.200000,180.000000,top
"R16","5k1","R_0805_2012Metric_Pad1.15x1.40mm_HandSolder",39.400000,-57.200000,180.000000,top
"R16","5k1","R_0805_2012Metric_Pad1.15x1.40mm_HandSolder",39.400000,-132.200000,180.000000,top
"R16","5k1","R_0805_2012Metric_Pad1.15x1.40mm_HandSolder",94.400000,-132.200000,180.000000,top
"R17","5k1","R_0805_2012Metric_Pad1.15x1.40mm_HandSolder",94.400000,-59.200000,180.000000,top
"R17","5k1","R_0805_2012Metric_Pad1.15x1.40mm_HandSolder",39.400000,-59.200000,180.000000,top
"R17","5k1","R_0805_2012Metric_Pad1.15x1.40mm_HandSolder",39.400000,-134.200000,180.000000,top
"R17","5k1","R_0805_2012Metric_Pad1.15x1.40mm_HandSolder",94.400000,-134.200000,180.000000,top
"R18","680k","R_0805_2012Metric_Pad1.15x1.40mm_HandSolder",109.800000,-81.700000,180.000000,top
"R18","680k","R_0805_2012Metric_Pad1.15x1.40mm_HandSolder",109.800000,-156.700000,180.000000,top
"R18","680k","R_0805_2012Metric_Pad1.15x1.40mm_HandSolder",54.800000,-81.700000,180.000000,top
"R18","680k","R_0805_2012Metric_Pad1.15x1.40mm_HandSolder",54.800000,-156.700000,180.000000,top
"R19","1k","R_0805_2012Metric_Pad1.15x1.40mm_HandSolder",98.600000,-63.700000,180.000000,top
"R19","1k","R_0805_2012Metric_Pad1.15x1.40mm_HandSolder",43.600000,-63.700000,180.000000,top
"R19","1k","R_0805_2012Metric_Pad1.15x1.40mm_HandSolder",98.600000,-138.700000,180.000000,top
"R19","1k","R_0805_2012Metric_Pad1.15x1.40mm_HandSolder",43.600000,-138.700000,180.000000,top
"R20","1k","R_0805_2012Metric_Pad1.15x1.40mm_HandSolder",55.400000,-91.700000,0.000000,top
"R20","1k","R_0805_2012Metric_Pad1.15x1.40mm_HandSolder",110.400000,-166.700000,0.000000,top
"R20","1k","R_0805_2012Metric_Pad1.15x1.40mm_HandSolder",110.400000,-91.700000,0.000000,top
"R20","1k","R_0805_2012Metric_Pad1.15x1.40mm_HandSolder",55.400000,-166.700000,0.000000,top
"R21","511","R_0805_2012Metric_Pad1.15x1.40mm_HandSolder",55.400000,-168.700000,0.000000,top
"R21","511","R_0805_2012Metric_Pad1.15x1.40mm_HandSolder",110.400000,-168.700000,0.000000,top
"R21","511","R_0805_2012Metric_Pad1.15x1.40mm_HandSolder",55.400000,-93.700000,0.000000,top
"R21","511","R_0805_2012Metric_Pad1.15x1.40mm_HandSolder",110.400000,-93.700000,0.000000,top
"R22","2740","R_0805_2012Metric_Pad1.15x1.40mm_HandSolder",55.400000,-95.700000,0.000000,top
"R22","2740","R_0805_2012Metric_Pad1.15x1.40mm_HandSolder",110.400000,-95.700000,0.000000,top
"R22","2740","R_0805_2012Metric_Pad1.15x1.40mm_HandSolder",55.400000,-170.700000,0.000000,top
"R22","2740","R_0805_2012Metric_Pad1.15x1.40mm_HandSolder",110.400000,-170.700000,0.000000,top
"R23","300","R_0805_2012Metric_Pad1.15x1.40mm_HandSolder",52.300000,-169.600000,90.000000,top
"R23","300","R_0805_2012Metric_Pad1.15x1.40mm_HandSolder",52.300000,-94.600000,90.000000,top
"R23","300","R_0805_2012Metric_Pad1.15x1.40mm_HandSolder",107.300000,-169.600000,90.000000,top
"R23","300","R_0805_2012Metric_Pad1.15x1.40mm_HandSolder",107.300000,-94.600000,90.000000,top
"R24","1k","R_0805_2012Metric_Pad1.15x1.40mm_HandSolder",121.900000,-82.900000,90.000000,top
"R24","1k","R_0805_2012Metric_Pad1.15x1.40mm_HandSolder",121.900000,-157.900000,90.000000,top
"R24","1k","R_0805_2012Metric_Pad1.15x1.40mm_HandSolder",66.900000,-82.900000,90.000000,top
"R24","1k","R_0805_2012Metric_Pad1.15x1.40mm_HandSolder",66.900000,-157.900000,90.000000,top
"R25","1k77","R_0805_2012Metric_Pad1.15x1.40mm_HandSolder",64.900000,-82.900000,90.000000,top
"R25","1k77","R_0805_2012Metric_Pad1.15x1.40mm_HandSolder",119.900000,-82.900000,90.000000,top
"R25","1k77","R_0805_2012Metric_Pad1.15x1.40mm_HandSolder",64.900000,-157.900000,90.000000,top
"R25","1k77","R_0805_2012Metric_Pad1.15x1.40mm_HandSolder",119.900000,-157.900000,90.000000,top
"R26","1k77","R_0805_2012Metric_Pad1.15x1.40mm_HandSolder",117.600000,-157.900000,90.000000,top
"R26","1k77","R_0805_2012Metric_Pad1.15x1.40mm_HandSolder",62.600000,-82.900000,90.000000,top
"R26","1k77","R_0805_2012Metric_Pad1.15x1.40mm_HandSolder",117.600000,-82.900000,90.000000,top
"R26","1k77","R_0805_2012Metric_Pad1.15x1.40mm_HandSolder",62.600000,-157.900000,90.000000,top
"R27","4k7","R_0805_2012Metric_Pad1.15x1.40mm_HandSolder",58.600000,-157.900000,90.000000,top
"R27","4k7","R_0805_2012Metric_Pad1.15x1.40mm_HandSolder",58.600000,-82.900000,90.000000,top
"R27","4k7","R_0805_2012Metric_Pad1.15x1.40mm_HandSolder",113.600000,-82.900000,90.000000,top
"R27","4k7","R_0805_2012Metric_Pad1.15x1.40mm_HandSolder",113.600000,-157.900000,90.000000,top
"R28","1k27","R_0805_2012Metric_Pad1.15x1.40mm_HandSolder",115.600000,-82.900000,90.000000,top
"R28","1k27","R_0805_2012Metric_Pad1.15x1.40mm_HandSolder",60.600000,-82.900000,90.000000,top
"R28","1k27","R_0805_2012Metric_Pad1.15x1.40mm_HandSolder",115.600000,-157.900000,90.000000,top
"R28","1k27","R_0805_2012Metric_Pad1.15x1.40mm_HandSolder",60.600000,-157.900000,90.000000,top
"R101","1k","R_0805_2012Metric_Pad1.15x1.40mm_HandSolder",64.600000,-135.600000,0.000000,top
"R101","1k","R_0805_2012Metric_Pad1.15x1.40mm_HandSolder",119.600000,-135.600000,0.000000,top
"R101","1k","R_0805_2012Metric_Pad1.15x1.40mm_HandSolder",64.600000,-60.600000,0.000000,top
"R101","1k","R_0805_2012Metric_Pad1.15x1.40mm_HandSolder",119.600000,-60.600000,0.000000,top
"U1","SC6206B-65K5","SOT-23",52.546000,-55.142000,90.000000,top
"U1","SC6206B-65K5","SOT-23",107.546000,-130.142000,90.000000,top
"U1","SC6206B-65K5","SOT-23",107.546000,-55.142000,90.000000,top
"U1","SC6206B-65K5","SOT-23",52.546000,-130.142000,90.000000,top
"U2","TPF144-VR","MSOP-10_3x3mm_P0.5mm",109.700000,-99.000000,0.000000,top
"U2","TPF144-VR","MSOP-10_3x3mm_P0.5mm",54.700000,-99.000000,0.000000,top
"U2","TPF144-VR","MSOP-10_3x3mm_P0.5mm",109.700000,-174.000000,0.000000,top
"U2","TPF144-VR","MSOP-10_3x3mm_P0.5mm",54.700000,-174.000000,0.000000,top
"U3","RS8752XM","MSOP-8_3x3mm_P0.65mm",118.900000,-152.500000,270.000000,top
"U3","RS8752XM","MSOP-8_3x3mm_P0.65mm",63.900000,-152.500000,270.000000,top
"U3","RS8752XM","MSOP-8_3x3mm_P0.65mm",118.900000,-77.500000,270.000000,top
"U3","RS8752XM","MSOP-8_3x3mm_P0.65mm",63.900000,-77.500000,270.000000,top
"U6","74AHCT1G86","SOT-23-5",98.600000,-141.600000,0.000000,top
"U6","74AHCT1G86","SOT-23-5",43.600000,-141.600000,0.000000,top
"U6","74AHCT1G86","SOT-23-5",98.600000,-66.600000,0.000000,top
"U6","74AHCT1G86","SOT-23-5",43.600000,-66.600000,0.000000,top
"U7","74AHCT1G86","SOT-23-5",103.600000,-141.600000,0.000000,top
"U7","74AHCT1G86","SOT-23-5",48.600000,-66.600000,0.000000,top
"U7","74AHCT1G86","SOT-23-5",103.600000,-66.600000,0.000000,top
"U7","74AHCT1G86","SOT-23-5",48.600000,-141.600000,0.000000,top
"U8","LM1881","SOIC-8_3.9x4.9mm_P1.27mm",54.800000,-75.900000,0.000000,top
"U8","LM1881","SOIC-8_3.9x4.9mm_P1.27mm",54.800000,-150.900000,0.000000,top
"U8","LM1881","SOIC-8_3.9x4.9mm_P1.27mm",109.800000,-75.900000,0.000000,top
"U8","LM1881","SOIC-8_3.9x4.9mm_P1.27mm",109.800000,-150.900000,0.000000,top
"U101","TPF144-VR","MSOP-10_3x3mm_P0.5mm",53.400000,-87.600000,90.000000,top
"U101","TPF144-VR","MSOP-10_3x3mm_P0.5mm",108.400000,-87.600000,90.000000,top
"U101","TPF144-VR","MSOP-10_3x3mm_P0.5mm",108.400000,-162.600000,90.000000,top
"U101","TPF144-VR","MSOP-10_3x3mm_P0.5mm",53.400000,-162.600000,90.000000,top
